sentence_id,label,sentence
0,0,Clinicians  attention lacking in discussions of end of life care
1,0,"The blood test could mean that 98% of invasive procedures could be avoided, say the authors."
2,0,New research reveals that the greatest demand for liver transplantation due to hepatitis C (HCV)-related liver disease occurs among Americans born between 1941 and 1960.
3,0,"Professor Cyrus Cooper, chair of the Committee of Scientific Advisors of the International Osteoporosis Foundation (IOF) and director of the MRC Lifecourse Epidemiology Unit, University of Southampton in the UK stated, ""Studies from the UK, USA and Australia have reported that 45% or more of today's hip fracture patients have a prior fracture history."
4,0,"In exome sequencing, researchers selectively and simultaneously target and map all of the portions of the genome where exons reside."
5,0,UNC study identifies pockets of high cervical cancer rates in North Carolina
6,0,Large study finds CT scans are frequently unnecessary after head injury in children
7,0,"Clinicians consistently fall short in discussing end-of-life care with patients with chronic obstructive pulmonary disorder (COPD), according to a study completed by researchers in Washington."
8,0,How much will this cost me?
9,0,A research team from Northwestern and NorthShore University HealthSystem (NorthShore) conducted an ovarian cancer clinical study at NorthShore.
10,0,Selective strategy  recommended for CT scans in emergency departments
11,0,Sequencing works in clinical setting to help    finally    get a diagnosis
12,0,The study is the first of its kind.
13,0,Previous studies in Japan suggested smoking reduced life expectancy by only a few years compared with about ten years in Britain and the USA.
14,0,"Children continue to account for a disproportionate percentage of morbidity and mortality from ATV-related accidents - up 240 percent since 1997, according to a Journal of Pediatric Orthopaedics report published by pediatric orthopaedic surgeons at Le Bonheur Children's Hospital."
15,0,"Of 180 patients in this study in whom a reference committee later identified coronary heart disease (CHD), 37% had originally been misdiagnosed by their family doctors as not having CHD (""false negative"")."
16,0,This release is also available in Chinese on EurekAlert!
17,0,Concern over  excessive  doses of thyroid drugs for older patients
18,0,"Researchers from the School of Public Health analyzed the medication use of more than 2,000 Canadian children through the 2007 to 2009 Canadian Health Measures Survey."
19,0,Americans and Canadians get different drug information online  UBC study
20,0,Yet true traumatic brain injury is uncommon.
21,0,Concerns about MRSA for expectant mothers may be unfounded
22,0,At least 1 in 5 were infected in flu pandemic  international study suggests
23,0,Sharp rise in children admitted to hospital with throat infections since 1999
24,0,"Previous research has indicated that long working hours may increase the risk of birth defects, premature birth, stillbirth and low birthweight."
25,0,Caffeine consumption has long been associated with decreased risk of liver disease and reduced fibrosis in patients with chronic liver disease.
26,0,"An invasive heart test used routinely to measure heart function is being dramatically overused, especially among patients who recently underwent similar, more effective tests, according to a new study from the Stanford University School of Medicine."
27,0,Previous research has linked certain occupations with a higher risk of birth defects in offspring.
28,0,"Parabens are commonly used as preservatives in cosmetics, food products and pharmaceuticals."
29,0,These findings are published in the Journal of Alzheimer's Disease.
30,0,"Lymph node dissection,  the current standard surgical treatment for localized non-small cell lung cancers, may be unnecessary in certain screen-detected early stage cases , according to a study published in the March issue of the Journal of Thoracic Oncology (JTO), the official journal of the International Association for the Study of Lung Cancer."
31,0,The U.S. Food and Drug Administration approved PCV13 for use beginning in 2010 after a series of trials.
32,0,Study finds number of battery related emergency department visits by children more than doubles
33,0,Highlights Many patients with a common kidney disease called IgA nephropathy who had normal kidney function and only minor urinary abnormalities at the time of diagnosis experienced remission without special treatments.
34,0,Clarity begins at exome
35,0,"Use of risk assessment instruments to predict violence and antisocial behaviour in 73 samples involving 24,827 people: systematic review and meta-analysis Tools designed to predict an individual's risk of repeat offending are not sufficient on their own to inform sentencing and release or discharge decisions, concludes a study published on bmj.com today."
36,0,"With the deficiencies in knowledge of tuberculosis--as well as in the practices, programs and strategies used to combat the disease and co-infection with human immunodeficiency virus (HIV)--the spread of multidrug-resistant (MDR) tuberculosis poses a major problem for the health care community."
37,0,Incidence rates of hepatocellular carcinoma (HCC) and intrahepatic cholangiocarcinoma (ICC) have increased in the U.S.
38,0,"However, the authors stress that the risk may still be overestimated, and they call for longer term monitoring of the cohort of children and adolescents exposed to Pandemrix to evaluate the exact level of risk."
39,0,"Smokers who have tried to quit and failed may be tempted to just give up, particularly if they hear statistics like the fact that most quit attempts will be unsuccessful."
40,0,"""We aren't suggesting that fatigue is good,"" says Ashish S. Shah, an assistant professor of surgery at the Johns Hopkins University School of Medicine and the study's lead author."
41,0,Those who are covered  recover
42,0,Treatments for recurring TB infection failing the developing world  study finds
43,0,"That is the finding of a study published early online in Cancer, a peer-reviewed journal of the American Cancer Society."
44,0,Invasive heart test being dramatically overused  Stanford study shows
45,0,"The study explored the incidence of UK women having Multiple Repeat Caesarean Sections (MRCS), defined as five or more, and the outcomes for them and their babies compared to women having their second to fourth caesarean section."
46,0,"Researchers studied 2,287 patients who had radical cystectomy surgery, where the bladder is removed, together with nearby tissue and organs as required."
47,0,"""It is my impression that patients often ask themselves a range of questions: 'What are my long-term prospects?"
48,0,"Results from the world's first registry of pregnancy and heart disease have shown that most women with heart disease can go through pregnancy and delivery safely, so long as they are adequately evaluated, counselled and receive high quality care."
49,0,"In a study published today in the open access journal PLoS Medicine, researchers call for improved access to rapid diagnostics for drug resistant TB, second-line TB treatment and antiretroviral HIV therapy."
50,0,Coronary artery stenting viable palliative option for infants and toddlers
51,0,"In Massachusetts, annual opioid-related overdose deaths have exceeded motor vehicle deaths since 2005, so several strategies have been introduced to tackle this growing problem."
52,0,End of life care for cancer patients differs in US and Canada
53,0,Concern about overexposure to radiation due to excessive use of medical imaging has come to the fore in recent years.
54,0,"Furthermore, it also influences the immune system."
55,0,New study alters long held beliefs about shingles
56,0,New evidence shows increase in obesity may be slowing  but not by much
57,0,"The risk of elevated blood pressure among children and adolescents rose 27 percent during a thirteen-year period, according to new research in the American Heart Association journal Hypertension."
58,0,"When a doctor enters medical orders for such patients, the automated checklist recommends evidence-based best treatments for each patient's needs, usually the regular administration of low-dose blood thinners or the use of compression devices to keep blood flowing in the legs."
59,0,"The number of Americans with a history of cancer, currently estimated to be 13.7 million, will grow to almost 18 million by 2022, according to a first-ever report by the American Cancer Society in collaboration with the National Cancer Institute (NCI)."
60,0,Vitamin D is known as a major regulator of calcium levels and bone metabolism.
61,0,"Previous research has shown that observation units in a hospital can be an efficient way to care for certain patients, but only about one-third of hospitals in the United States have such units."
62,0,This release is available in French.
63,0,"As discussed in this study, the United States Department of Veterans Affairs group has developed the Family Assessment of Treatment at the End of life (FATE) survey, which is administered to families of deceased veterans."
64,0,The major source of vitamin D for children and adults is exposure to natural sunlight.
65,0,"The study, Environmental Health Perspectives: A Case Study of High Prenatal Bisphenol A Exposure and Infant Neonatal Neurobehavior, was led by researcher Sheela Sathyanarayana, MD of Seattle Children's Research Institute, and recently published online in Environmental Health Perspectives."
66,0,"The research was published today, 28 September, in the journal PLoS ONE."
67,0,"The study's authors state that testing for some of the most common mutations that cause sensorineural hearing loss in a targeted way, rather than through generalized screening of hearing loss patients, yields the best results."
68,0,Too many admissions at a hospital at one time can put patients at risk.
69,0,"Atrial fibrillation, or AF for short, describes abnormal heart rhythms."
70,0,The findings from the retrospective cohort study were just published in the Journal of Maternal-Fetal and Neonatal Medicine.
71,0,You wouldn't brake your car while stepping on the gas--or wash down a sleeping pill with espresso.
72,0,Clinical diagnosis of acute appendicitis can be difficult and yet it is the most common surgical abdominal emergency.
73,0,"""Given the rising costs of health care, policymakers are increasingly interested in identifying the inefficiencies in our health care system,"" the authors write as background."
74,0,Patients most in need of the vaccine against shingles don't get it&nbsp;
75,0,"Women face greater limits on their lifestyle and have more severe symptoms as a result of peripheral artery disease (PAD), but minimally invasive procedures used to unclog arteries are just as successful  as in men."
76,0,"The number of children admitted to hospital in England for acute throat infections increased by 76 per cent between 1999 and 2010, according to new research published today in Archives of Disease in Childhood."
77,0,"Scientists from the University of Edinburgh, a BHF Centre of Research Excellence, in collaboration with the University of Cambridge are the first to demonstrate the potential of combining PET and CT scanning to image the disease processes directly in the coronary arteries that cause heart attacks (2)."
78,0,"This retrospective study observed the outcomes of the effectiveness of the herpes zoster vaccine in a large, diverse population of men and women ages 60 years and older."
79,0,Findings from a nationwide study led by researchers at Dana-Farber Cancer Institute suggest that patients with advanced lung or colorectal cancer are frequently mistaken in their beliefs that chemotherapy can cure their disease.
80,0,Decline in available liver transplants expected
81,0,"A report on the value of the Internet search tool for emergency departments, studied by a team of researchers at Johns Hopkins Medicine over a 21-month period, is published in the January 9 issue of Clinical Infectious Diseases."
82,0,Lung cancer set to overtake breast cancer as the main cause of cancer deaths among European women
83,0,Johns Hopkins malpractice study  Surgical  never events  occur at least 4 000 times per year
84,0,"In the past, some physicians have criticized shave biopsies for not providing accurate T (tumor) stage information, thereby complicating treatment planning."
85,0,Ischemic stroke hospitalization rates in adolescents and young adults aged 15 to 44 increased up to 37% between 1995 and 2008 according to a study conducted by researchers at the Centers for Disease Control and Prevention (CDC).
86,0,"People with the disorder, called REM sleep behavior disorder, do not have the normal lack of muscle tone that occurs during rapid eye movement (REM) sleep, causing them to act out their dreams."
87,0,"The study is published in the August 2, 2011, print issue of Neurology&reg;, the medical journal of the American Academy of Neurology."
88,0,Surge in parents taking kids with common medical problems to emergency care
89,0,"A small, retrospective study determined that percutaneous coronary intervention (PCI) was safe in patients with significant coronary artery disease (CAD) who were referred for liver transplantation."
90,0,Researchers at the Institute for Regenerative Medicine at Wake Forest University Baptist Medical Center and colleagues reported today on a new advance in tissue engineering.
91,0,Larger studies are needed to determine the effectiveness of angioplasty in patients with end-stage liver disease (ESLD).
92,0,Opioid prescription is on the increase
93,0,"In 2010, almost 2 million American children had at least one parent in active military duty."
94,0,Millions of Americans take aspirin or other drugs every day to reduce their risk of heart attacks or other problems caused by blood clots.
95,0,The findings are from a new study led by researchers at the Johns Hopkins Bloomberg School of Public Health who compared the relationship between primary care physicians' beliefs about the causes of obesity with the frequency of nutritional counseling.
96,0,"This adds up to around 1900 fewer such admissions every year, the authors calculate, and confirms the value of public health interventions, such as smoking bans, they say."
97,1,More time for school lunches equals healthier choices for kids
98,1,Study demonstrates that earlier end of life care discussions are linked to less aggressive care in final days of life
99,1,"A new study has found that women who stay seated for long periods of time every day are more prone to developing type 2 diabetes, but that a similar link wasn't found in men."
100,1,"Biological agents used to treat rheumatoid arthritis seem to be associated with an increased risk of skin cancer, indicates a systematic review of published research in the Annals of the Rheumatic Diseases."
101,1,A study published in this week's PLoS Medicine suggests that there might be an association between maternal immunization with inactivated influenza vaccine during pregnancy and reduced likelihood of prematurity and the baby being small for gestational age.
102,1,Systemic sclerosis complications more severe in African Americans than Caucasians
103,1,"In 459 patients with ocular melanoma at 12 centers in the United States and Canada, the researchers found the test could successfully classify tumors more than 97 percent of the time."
104,1,Study  Physicians less likely to  bond  with overweight patients
105,1,"The Johns Hopkins investigators say the findings suggest that if physicians are on the lookout for these potentially reversible conditions and treat them aggressively at the first sign of trouble, patients are more likely to survive."
106,1,Increased risk of sleep disorder in children who received swine flu vaccine
107,1,"While awareness campaigns may be getting women to go to the hospital more quickly during a heart-attack, a new look at hospital data shows women have longer hospital stays and are more likely than men to die in the hospital after a heart attack."
108,1,Low muscle strength in adolescence linked to increased risk of early death
109,1,Study finds strong link between income inequality and readmission risk  but not mortality
110,1,Highlight 	A simple model using 5 commonly available variables from electronic health records adequately discriminates between socially disadvantaged individuals with chronic kidney disease who will and will not progress to kidney failure.
111,1,"People who suffer from insomnia appear to have an increased risk of developing heart failure, according to the largest study to investigate the link."
112,1,"The advisory, published in the American Heart Association's journal Circulation, is based on a thorough review of recent laboratory, animal, observational and clinical studies that reaffirm the  association's 2011 advisory that limiting sodium (salt) to less than 1,500 mg per day is linked to a decreased risk of high blood pressure and cardiovascular disease, including stroke."
113,1,Women who develop the condition only in the final weeks of pregnancy (known as term pre-eclampsia) are at less risk.
114,1,"According to the study now available in Annals of Neurology, a journal published by Wiley-Blackwell on behalf of the American Neurological Association and Child Neurology Society, infants who experienced early exposure to stress displayed decreased brain size, functional connectivity, and abnormal motor behavior."
115,1,"While overall emergency department use in Massachusetts continues to rise, the number of low-severity visits dropped slightly since the implementation of the state's health care reform law, according to an Annals of Emergency Medicine study published online."
116,1,Heart disease patients with positive attitudes likely to exercise  live longer
117,1,Continuous EEG better at identifying oxygen-deprived newborns most at risk
118,1,"A prospective study by U.K. researchers found that adolescents who are double-jointed--medically termed joint hypermobility--are at greater risk for developing musculoskeletal pain as they get older, particularly in the shoulders, knees, ankles and feet."
119,1,Early age at the onset of seizures and delayed global development were associated with a higher frequency of resistance to antiepileptic drugs (AEDs).
120,1,Heavy moms to be at greater risk of c section
121,1,Unfit  lean people are better protected against heart attacks than fit  obese people
122,1,Patients infected with HIV have higher drop out rate for liver transplantation
123,1,The results are consistent with previous studies from Finland and Sweden and indicate that the association is not confined to Scandinavian populations.
124,1,Infants with severe RSV disease may be immunosuppressed
125,1,Adult survivors of childhood cancers who underwent certain chemotherapy treatments or kidney surgery had worse kidney function that did not recover over time.
126,1,Low testosterone levels may herald rheumatoid arthritis in men
127,1,"Those who quit smoking before their stroke also had less risk of poorer outcomes than current smokers, researchers found."
128,1,"Higher surgical costs for adult congenital heart patients is associated with higher rates of inpatient death compared to surgical admissions that incur lower costs, according to a study in Circulation: Quality and Outcomes, a journal of the American Heart Association."
129,1,Middle-aged athletes at low risk for sudden cardiac arrest while exercising
130,1,Kaiser Permanente study  Change in PSA levels over time can help predict aggressive prostate cancer
131,1,"""We wanted to know if age was a risk factor in this procedure, and if octogenarians fare as well as younger patients,"" said Roger G. Carrillo, M.D., senior study author and chief of surgical electrophysiology at the University of Miami Hospital in Florida."
132,1,"The research, which will be presented today (Tuesday 4 September 2012) at the European Respiratory Society's (ERS) Annual Congress in Vienna, adds to evidence presented earlier this year highlighting a link between severe sleep apnoea and cancer."
133,1,Medically underserved girls receive less frequent evaluation for short stature
134,1,"Drugs that are used for treating Alzheimer's disease in its early stages are linked to a reduced risk of heart attacks and death, according to a large study of over 7,000 people with Alzheimer's disease in Sweden."
135,1,"Children born extremely prematurely have up to a 19 times greater risk of retinal detachment later in life than peers born at term, according to a Swedish study published this month in Ophthalmology, the journal of the American Academy of Ophthalmology."
136,1,A new study suggests more than half of people who develop Alzheimer's disease before the age of 60 are initially misdiagnosed as having other kinds of brain disease when they do not have memory problems.
137,1,"A new risk calculator can predict the risk of postoperative complications occurring for individual bariatric surgery patients, according to a study published in the March issue of the Journal of the American College of Surgeons."
138,1,"Taser shots to the chest are no more dangerous than those delivered to other body locations, according to a new study by one of the country's leading experts on the devices."
139,1,"A large study published in PLOS Medicine on January 29, 2013, shows that the risk of future cardiovascular disease and death increased with severity of erectile dysfunction in men both with and without a history of cardiovascular disease."
140,1,Puzzling over links between monkey research and human health
141,1,Liver stiffness predicts liver failure  cancer and mortality in cirrhotic patients
142,1,"Older people with Alzheimer's disease are less likely to also have cancer, and older people with cancer are less likely to also have Alzheimer's disease, according to the largest study to date on the topic, which appears in the July 10, 2013, online issue of Neurology&reg;, the medical journal of the American Academy of Neurology."
143,1,The authors of the review concluded that most individual red flags were poor at diagnosing spinal malignancies and call for further studies focused on combinations of red flags.
144,1,Maternal weight gain between pregnancies is linked to complications and adverse outcomes
145,1,"Mayo Clinic researchers have discovered an association between a commonly prescribed blood pressure drug, Olmesartan, and severe gastrointestinal issues such as nausea, vomiting, diarrhea, weight loss and electrolyte abnormalities -- symptoms common among those who have celiac disease."
146,1,"The study, a collaboration between Lund University in Sweden and Stanford University, showed that the rate of suicide among men is almost three times that of women."
147,1,One child mothers with pre eclampsia at higher risk of heart problems
148,1,"In an analysis of nearly 2,500 Latino and African-American children with asthma, the researchers found that children between age 8 and 17 with acute asthma symptoms were far more likely to have had mothers who smoked during pregnancy, even when the team controlled for elements such as education, socioeconomic level and childhood exposure to tobacco smoke."
149,1,Link between obesity and polycystic ovary syndrome may be exaggerated
150,1,A study looking at the data of thousands of patients who suffered heart attacks has suggested treatment with high-potency statins offers a significantly improved chance of survival compared to those taking normal statins.
151,1,Study finds pregnancy safe in multiple sclerosis
152,1,Older adults who sleep poorly react to stress with increased inflammation
153,1,"The results reveal that the fatality rate among consumers of both drugs is 14.3 times higher than for the general population, while among those only using cocaine, it is 5.1 times higher."
154,1,Mayo Clinic  US and European researchers find heart disorder genetic variants in stillbirth cases
155,1,"New research published in the October issue of Liver Transplantation, a journal of the American Association for the Study of Liver Diseases, reported that high volume transplant centers more frequently utilized livers with a high donor risk index, but achieved better risk-adjusted graft and recipient survival rates compared with lower volume centers."
156,1,New research into the potential link between parabens and breast cancer has found traces of the chemicals in breast tissue samples from all of the women in the study.
157,1,"While the study found a combined estimated risk for all participants of nearly19 percent, it found an even more elevated risk of recurrence of over 26 percent for male infants, and over 32 percent for infants with more than one older sibling with autism."
158,1,Young black patients on kidney dialysis do much worse    not better    than white counterparts
159,1,"An ultrasound test can tell if people with the human immunodeficiency virus (HIV) and heart disease are at risk of heart attack or death, according to new research reported in Circulation: Cardiovascular Imaging, an American Heart Association journal."
160,1,"Premature babies are more likely to survive when they are born in high-level neonatal intensive care units (NICUs) than in hospitals without such facilities, and this benefit is considerably larger than previously reported."
161,1,"TORONTO, Ont., Aug. 18, 2011_A new study has found no evidence that patients who had a heart ultrasound known as an echocardiogram before major surgery had improved survival rates one month or one year after their operation."
162,1,New research appearing in the August issue of The Journal of Clinical Psychiatry adds to the growing work linking an infection caused by the Toxoplasma gondii parasite to suicide attempts.
163,1,"The risk of nodal involvement is very low in early-stage cancers with a maximum standard uptake value (maxSUV) of 2.0 or a nodule smaller than 10 millimeters, researchers found."
164,1,Even physically active women sit too much
165,1,UC Davis cancer researchers have found that older men with early-stage testicular cancer who opt for surveillance with regular CT scans over lymph node removal are at greater risk for secondary cancers.
166,1,"Some groups of patients actually had worse survival rates, according to Dr. Duminda Wijeysundera, a scientist at the Li Ka Shing Knowledge Institute of St. Michael's Hospital and the Institute for Clinical Evaluative Sciences."
167,1,"Chinese women are less likely to develop cardiovascular disease if they have their first menstrual cycle or enter menopause later than their peers, according to a recent study accepted for publication in The Endocrine Society's Journal of Clinical Endocrinology & Metabolism (JCEM)."
168,1,"A new study finds patients placed in Contact Precautions (Contact Isolation) were twice as likely to report perceived problems with care compared to patients without Contact Precautions, placing the common infection control practice at odds with hospital interests."
169,1,"Study participants who engaged in the highest levels of physical activity - up to 5 hours a week - did have a slightly higher risk of knee osteoarthritis, but the difference was not statistically significant."
170,1,"Younger age of menopause in women with cerebral aneurysms Online First doi: 10.1136/neurointsurg-2012-010364 The younger a woman is when she goes through the menopause, the greater may be her risk of having a brain (cerebral) aneurysm, suggests research published online first in the Journal of NeuroInterventional Surgery."
171,1,A new study finds that people 75 years old or older are less likely to receive any pain medication in hospital emergency departments than middle aged people - those between 35 and 54 years old.
172,1,"In fact, young patients in poor health may have worse outcomes than older patients in good shape."
173,1,Successful pregnancy possible after kidney transplant
174,1,"Insurance status is a better predictor of survival after a serious cardiac event than race, and may help explain racial disparities in health outcomes for cardiovascular disease."
175,1,Pregnancy related complications predict CVD in middle age
176,1,"The study, supported by a $2 million, three-year award to Georgia State's Andrew Young School of Policy Studies and Emory School of Medicine from the National Institutes of Health's National Institute on Aging, identifies factors associated with hospital readmission within 30 days after surgery procedures."
177,1,"Race or ethnicity can be a significant clue in the United States as to who will survive a kind of stroke known as a subarachnoid hemorrhage and who will be discharged to institutional care, a new study has found."
178,1,"Older people were affected less, with only 11 per cent of people aged 65 or older becoming infected."
179,1,"The risk of maternal complications and preterm deliveries is significantly higher for women undergoing their fifth or more caesarean section, finds a new study published today (31 October) in BJOG: An International Journal of Obstetrics and Gynaecology."
180,1,"A new risk prediction tool can identify patients at high risk of serious blood clots (known as venous thromboembolism) who might need preventative treatment, says a study published on bmj.com today."
181,1,Starchy  high carbohydrate diet associated with recurrence of colon cancer
182,1,Mother s vitamin D level linked to birth weight
183,1,Patients on peritoneal dialysis (PD) typically have a higher early survival rate than patients on hemodialysis (HD).
184,1,"Women with polycystic ovary syndrome are more likely to have problems with pregnancy regardless of whether they are undergoing fertility treatment, claims new research published on bmj.com today."
185,1,"Brain scans revealed that people with no symptoms of Alzheimer's who engaged in cognitively stimulating activities throughout their lives had fewer deposits of beta-amyloid, a destructive protein that is the hallmark of the disease."
186,1,Drivers who consume cannabis within three hours of driving are nearly twice as likely to cause a vehicle collision as those who are not under the influence of drugs or alcohol claims a paper published today on bmj.com.
187,1,New tool helps surgeons predict patients  risk of complications after bariatric operations
188,1,Danish HIV patients can live as long as the general population when treated optimally
189,1,Small increase in cancer risk following CT scans in childhood and adolescence
190,1,Dementia diagnosis twice as likely if older adult has schizophrenia  cancer less likely
191,1,"A new systematic review published in The Cochrane Library has raised doubts as to the effectiveness of ""red flag"" indicators at both identifying and excluding cancer in patients with lower back pain."
192,1,"The satisfaction levels among a hospital's staff are closely linked to the quality of healthcare it provides, say a team of doctors from Imperial College London."
193,1,High levels of potentially toxic flame retardants in California pregnant women
194,1,Age of onset of first seizure is a significant predictor of cognitive impairment according to this study--the first to evaluate cognitive impairment in children age three to six.
195,1,"Exposure during pregnancy to flame retardant chemicals commonly found in the home is linked to lower birthweight babies, according to a new study led by researchers at the University of California, Berkeley's School of Public Health."
196,1,Women s height linked to cancer risk
197,1,The results show that women who regularly consume more than three alcoholic drinks a week for at least 10 years have about half the risk of developing rheumatoid arthritis compared with non-drinkers.
198,1,"A new study, published online ahead of print today (20 December 2012) in the European Respiratory Journal, looked at whether people with moderate or severe asthma had an increased risk of developing deep vein thrombosis, or pulmonary embolism."
199,1,"The surgeons - who studied data from the Kids' Inpatient Database - found spine-related injuries from all-terrain vehicles (ATVs) in the United States are more common in older children and in females, unlike males in most trauma studies."
200,1,"Several types of job carried out by future fathers may be linked to an increased risk of birth defects in their babies, suggests research published online in Occupational and Environmental Medicine."
201,1,"In a study of more than 18,000 patients having surgery for hip fracture, researchers at the Perelman School of Medicine at the University of Pennsylvania found that the use of regional anesthesia versus general anesthesia, was associated with a significant reduction in major pulmonary complications and death."
202,1,Speed bumps could be a new way to help diagnose appendicitis
203,1,"Eating tomatoes and tomato-based foods is associated with a lower risk of stroke, according to new research published in the October 9, 2012, print issue of Neurology&reg;, the medical journal of the American Academy of Neurology."
204,1,Depression linked to increased risk of stroke in women
205,1,"Mothers with asthma may be more vulnerable, the findings indicate."
206,1,England s smoking ban linked to annual 5 percent drop in emergency admissions for asthma
207,1,Baldness linked to increased risk of coronary heart disease
208,1,CDC reports that unexplained skin condition is non infectious  not linked to environmental cause
209,1,Inducing labor is not associated with higher rates of cesarean sections
210,1,Children exposed to 2 phthalates have elevated risk of asthma related airway inflammation
211,1,Cincinnati-based researchers now report new evidence that exposure to three types of mold during infancy may have a direct link to asthma development during childhood.
212,1,Digoxin tied to increased risk of death in patients with atrial fibrillation
213,1,"In the study, to appear Tuesday, Aug. 30, in the peer-reviewed publication American Journal of Epidemiology, researchers found that every tenfold increase in levels of PBDEs, or polybrominated diphenyl ethers, in a mother's blood during pregnancy corresponded to a 115 gram (4.1 ounce) drop in her baby's birthweight."
214,1,"It finds that rosiglitazone is associated with significantly higher odds of congestive heart failure, heart attack and death compared with a similar drug (pioglitazone)."
215,1,"People with severe encephalitis -- inflammation of the brain -- are much more likely to die if they develop severe swelling in the brain, intractable seizures or low blood platelet counts, regardless of the cause of their illness, according to new Johns Hopkins research."
216,1,"Statistically significant differences in race, public versus tertiary-care hospital, disability and medications were found between depressed and non-depressed patients."
217,1,High risk donor livers used with greater frequency in transplantations
218,1,"In a large-scale analysis, women who ate the most baked/broiled fish (five or more servings/week) had a 30 percent lower risk of heart failure compared to women who seldom ate it (less than one serving/month)."
219,1,"Overweight children are far more likely to take prescription medications than children of a normal weight--a trend that adds to already higher health-care costs for treating childhood obesity, according to new research from the University of Alberta."
220,1,The fatality rate among hard drug users is 14 times higher than for the general population
221,1,Children with autism arrive at emergency room for psychiatric crisis 9 times more than peers
222,1,Cognitive impairment seen in preschool children with epilepsy
223,1,"Relatives of family members diagnosed with cancer are still at risk of the disease even if the diagnosis came at an older age, suggests a paper published on bmj.com today."
224,1,Body mass index in adolescence associated with early occurrence of diabetes and heart disease
225,1,Lack of sleep found to be a new risk factor for colon cancer
226,1,New research shows that residents of the Stroke Belt--a southern portion of the U.S. with significantly elevated stroke morality rate--also have a greater incidence of cognitive decline than other regions of the country.
227,1,Trauma centers serving mostly white patients have lower death rates for patients of all races
228,1,"Older black and Hispanic patients have a greater risk than white patients of developing complications following surgery, a difference that can be explained by a patients' gender and pre-existing medical conditions."
229,1,Heart failure patients twice as likely to die if admitted to general wards
230,1,Traumatic brain injury linked with tenfold increase in stroke risk
231,1,A Wayne State University School of Medicine study has found that an overwhelming majority of African-American patients with hypertension also suffered hidden heart disease caused by high blood pressure even though they displayed no symptoms.
232,1,"A patient is diagnosed with the syndrome when he or she exhibits three or more of the following characteristics: high blood pressure, high blood sugar, excess body fat in the waist/abdomen, low good cholesterol, and higher levels of fatty acids (the building blocks of fat)."
233,1,"The relationship between executive dysfunction and post-stroke mortality: a population-based cohort study doi 10.1136/bmjopen-2011-000458 A simple drawing test can predict the long-term risk of dying after a first stroke among older men, finds research published in the online journal BMJ Open."
234,1,Mayo Clinic  Common blood pressure drug linked to severe GI problems
235,1,"People with HIV have a 15 years longer life expectancy thanks to improved treatments over the past 13 years, according to a new study published on http://www.bmj.com today."
236,1,"Patients with a diagnosis of dementia have approximately three times the rate of diagnosis of urinary incontinence, and more than four times the rate of fecal incontinence, compared with those without a diagnosis of dementia, according to a study in this week's issue of PLOS Medicine by Robert Grant (Kingston University and St. George's, University of London) and colleagues."
237,1,Child s home address helps predict risk of readmission to hospital
238,1,"The effect of introduction of new breast cancer screening modalities, such as digital images, computer-aided detection (CAD), and use of ultrasound and MRI on screening costs among older women is unknown, although women over the age of 65 represent almost one-third of the total women screened in the US annually."
239,1,Why do people with apple shaped bodies have an increased risk of kidney disease
240,1,"It also describes some of the first evidence from humans that certain flame retardants may interfere with thyroid hormone signaling during pregnancy, which is critical to fetal brain development."
241,1,Study  Memory problems often not present in middle aged people with Alzheimer s disease
242,1,Risk factors in hospital readmissions among general surgery patients identified in study
243,1,"Children who regularly see specialists for chronic medical conditions are also using complementary medicine at a high rate, demonstrates recently published research from the University of Alberta and the University of Ottawa."
244,1,This may provide a mechanistic explanation for the relationship between obesity and sleep apnea.
245,2,"Weight loss at any age in adulthood is worthwhile because it could yield long-term heart and vascular benefits, suggests new research published in The Lancet Diabetes & Endocrinology."
246,2,"The effort could dramatically improve surgical outcomes in children, say the initiative's leaders, who published their findings online August 5, 2013 in the journal, Pediatrics."
247,2,A new analysis has found that loading up on snack foods may increase cancer risk in individuals with an inborn susceptibility to colorectal and other cancers.
248,2,"The same research shows, moreover, that rates of these injuries -- whose symptoms range from temporary numbness to full-blown paralysis -- are rising fastest among older people, suggesting that efforts to prevent falls in the elderly could significantly curb the number of spinal injuries."
249,2,"Treating 'brain tsunamis' or 'killer waves' could stop many victims of major head injury from suffering additional brain damage, a study published in Lancet Neurology has found."
250,2,Smoking may increase risks for patients being treated for prostate cancer
251,2,"Recent changes to World Health Organization guidelines for starting anti-AIDS drugs (antiretroviral therapy--ART)  in young children are unlikely to improve death rates but may increase the numbers of children receiving ART by simplifying access to treatment,  according to a study by international researchers published in this week's PLOS Medicine."
252,2,Alcohol may protect trauma patients from later complications
253,2,"The findings of a research group in Manchester, published in the Emergency Medicine Journal, could potentially make a huge difference to a large number of patients."
254,2,"A new study has found access to electronic health records in acute care situations may influence the care given to that patient, and in some cases, failure to review the EHR could have adversely affected the medical management."
255,2,"Frequent arguments with partners, relatives, or neighbours may boost the risk of death from any cause in middle age, suggests research published online in the Journal of Epidemiology & Community Health."
256,2,"More than 80 percent of hospitalized patients who tested positive for Clostridium difficile were tested outside the hospital or within the first 72 hours of hospitalization, suggesting that settings outside of the hospital may play key roles in the identification, onset and possible transmission of the disease, according to a new Kaiser Permanente study published today in the journal Mayo Clinic Proceedings."
257,2,Common parasite may trigger suicide attempts
258,2,Avoiding health risks could prevent more than half of all cases of atrial fibrillation
259,2,More access to health care may lead to unnecessary mammograms
260,2,Scientists at The University of Nottingham say adverse side-effects caused by the anti-parasitic drug quinine in the treatment of malaria could be controlled by what we eat.
261,2,Blood pressure drugs may lengthen lives of melanoma patients
262,2,"In what may be the largest study of sleep problems among individuals with multiple sclerosis (MS), researchers at UC Davis have found that widely undiagnosed sleep disorders may be at the root of the most common and disabling symptom of the disease: fatigue."
263,2,Breastfeeding may prevent asthma
264,2,Proactive monitoring of inflammatory bowel disease therapy could prolong effectiveness
265,2,"The 15% fall in dietary salt intake over the past decade in England is likely to have had a key role in the 40% drop in deaths from heart disease and stroke over the same period, concludes research published in the online journal BMJ Open."
266,2,"Poor quality sleep may affect daytime learning and behaviour, say the authors."
267,2,Low vitamin D levels during pregnancy may increase risk of severe preeclampsia
268,2,Heartburn treatment may extend survival in IPF patients
269,2,University of Cincinnati (UC) researchers have found that lightning may affect the onset of headache and migraines.
270,2,"Reducing cardiovascular risk factors like high blood pressure, smoking, diabetes and being overweight could potentially reduce more than half of all cases of atrial fibrillation, according to research reported in Circulation: Journal of the American Heart Association."
271,2,"And according to a new study published in the December issue of Annals of Allergy, Asthma and Immunology, the scientific journal of the American College of Allergy, Asthma and Immunology (ACAAI), pesticides and tap water could be partially to blame."
272,2,Study  Repeated surgeries appear to extend life of patients with deadliest of brain cancers
273,2,Better use of lighting in hospital rooms may improve patients  health
274,2,More evidence arthritis pain relieving drugs may contribute to stroke death
275,2,Cochlear implants may be safe  effective for organ transplant patients
276,2,"As reported in the August issue of The Journal of Nuclear Medicine, this treatment may assist in bringing nuclear medicine to the forefront of clinical management."
277,2,"For children aged 14 and under, delaying reconstructive surgery for anterior cruciate ligament (ACL) injuries may raise their risk of further injury, according to a new study by pediatric orthopaedic surgeons."
278,2,"The findings indicate that education, screening, and vaccination programs in those places could be particularly useful, according to public health researchers at the University of North Carolina at Chapel Hill, who authored the report."
279,2,Toyota s management practices may improve the quality of hospital care
280,2,Hyperemesis gravidarum during the second trimester is more likely to cause placental complications
281,2,The Lancet Diabetes   Endocrinology  Adults who lose weight at any age could enjoy improved cardiovascular health
282,2,"Prenatal folic acid supplements appear to reduce the risk for autistic spectrum disorders, according to a study published today (February 13) in the Journal of the American Medical Association (JAMA)."
283,2,"Because ICU care is expensive, concerns have been raised that increasing the number of insured patients would inevitably lead to significantly higher health care costs as more of these newly insured patients would be admitted to ICUs."
284,2,"""Poor financial outcomes for hospitals] could lead to poor care,"" said Naleef Fareed, assistant professor of health policy and administration, Penn State."
285,2,"Interventions targeting malaria, such as insecticide-treated bed nets, antimalarial drugs and mosquito control, could substantially reduce cases of bacteraemia, which kill hundreds of thousands of children each year in Africa and worldwide."
286,2,"The flu jab seems to almost halve the risk of heart attacks in middle aged people with narrowed arteries, finds research published in the journal Heart."
287,2,"Lung cancer is likely to overtake breast cancer as the main cause of cancer death among European women by the middle of this decade, according to new research published in the cancer journal Annals of Oncology 1] today (Wednesday)."
288,2,Scientists develop new technique that could improve heart attack prediction
289,2,Johns Hopkins researchers identify conditions most likely to kill encephalitis patients
290,2,"Hashimoto's thyroiditis (HT), an inflammatory disorder of the thyroid, is the most common cause of hypothyroidism, but a study has suggested that even when thyroid function is normal, HT may increase symptoms and decrease quality of life, as described in an article in Thyroid, a peer-reviewed journal published by Mary Ann Liebert, Inc. (www.liebertpub.com)."
291,2,ACE inhibitors may increase risk of recurrence in breast cancer survivors
292,2,Apples and pears may keep strokes away.
293,2,Folic acid supplements early in pregnancy may reduce child s risk of autism by 40 percent
294,2,"A new study published today in the Journal of Hospital Medicine suggests that ""smoothing"" occupancy over the course of a week could help hospitals reduce crowding and protect patients from crowded conditions."
295,2,"Among pregnant women infected with HIV, the use of antiretroviral (ARV) medications early in pregnancy to treat their HIV or to prevent mother-to-child transmission of HIV does not appear to increase the risk of birth defects in their infants, according to a new study led by Harvard School of Public Health (HSPH)."
296,2,"Prescribing of ""atypical"" antipsychotic medications to children and young adults with behavioral problems or mood disorders may put them at unnecessary risk for type 2 diabetes, a Vanderbilt University Medical Center study shows."
297,2,Racial disparities in ear infection treatment may contribute to antibiotic overuse
298,2,Prenatal risk factors may put children at risk of developing kidney disease
299,2,Lower salt intake likely to have had key role in plummeting cardiovascular disease deaths in past decade
300,2,Study suggests sleep apnea may contribute to fatigue in multiple sclerosis
301,2,Junk  blood tests may offer life saving information
302,3,Cancer diagnosis later in life poses significant risk to offspring
303,3,Flu vaccines for nursing home workers effective in reducing outbreaks  study
304,3,Researchers in the Perelman School of Medicine at the University of Pennsylvania report in JAMA Dermatology that this teledermatology process is reliable and can help deliver care more efficiently in busy academic hospitals and potentially in community hospital settings.
305,3,"Using a specially designed risk assessment tool was an effective way of identifying violent hospital patients in medical and surgical units, according to a study in the November issue of the Journal of Advanced Nursing."
306,3,UEA research shows gastric surgery halves risk of heart attack in obese people
307,3,Vitamin D does not contribute to kidney stones  study asserts
308,3,A study published online in the International Journal of Cancer earlier this month describes a novel approach to preventing cervical cancer based on findings showing successful reduction in the risk of cervical cancer after removal of a discrete population of cells in the cervix.
309,3,New research suggests that insomnia is a major contributor to deaths caused by motor vehicle crashes and other unintentional fatal injuries.
310,3,"Researchers at the University of California, San Diego School of Medicine have documented the safety benefits of aortic stent grafts inserted during minimally invasive surgery to repair abdominal aortic aneurysms - weaknesses in the body's largest artery that can rupture, causing potentially lethal internal bleeding."
311,3,"The combination of the common antibiotic clarithromycin with some statins increases the risk of adverse events, which may require hospital admission for older people,  according to a new study published in CMAJ (Canadian Medical Association Journal)."
312,3,Our new paper published in the Journal of Alzheimer's Disease provides evidence that cooking foods at high temperatures increases the risk of Alzheimer's disease.
313,3,"A national effort to shave minutes off emergency heart attack treatment time has increased the chance that each patient will survive, a new study suggests."
314,3,Traffic noise increases the risk of having a stroke
315,3,Can poor sleep lead to dementia
316,3,"Their findings reveal that the vast majority of women after breast conserving surgery receive six to seven weeks of radiation therapy, despite multiple randomized trials and professional society guidelines showing that three weeks of radiation - called hypofractionated whole breast radiation - is just as clinically effective, more convenient, and less costly."
317,3,Metabolic syndrome increases risk of both major types of primary liver cancer
318,3,"A surgical collaborative of hospitals across Florida resulted in broad improvement in the state, helping most hospitals significantly improve, according to a new study published today in the Journal of the American College of Surgeons."
319,3,"The drug tranexamic acid, known as TXA, prevents excessive blood loss during surgeries."
320,3,The lifetime risk for rupture of a brain aneurysm depends heavily on the patient's overall load of risk factors.
321,3,Postpartum hemorrhage during a first pregnancy does not affect future fertility
322,3,Green spaces found to increase birth weight    Ben Gurion U  researcher
323,3,UC Davis study finds that above normal weight alone does not increase the short term risk of death
324,3,Chewing gum is often the culprit for migraine headaches in teens
325,3,"A study by Massachusetts General Hospital (MGH) investigators also finds that patients with frequent ED visits for the syndrome accounted for more than half of all such ED visits and hospitalizations, contributing to significant health care costs."
326,3,MA healthcare reform does not have early impact on disparities in cardiovascular care
327,3,"Chronic Granulomatous Disease is a rare immune deficiency that seriously compromises organ function and is life-threatening, with 20-30 per cent of patients dying within the first two decades of life."
328,3,Researchers at the Stanford University School of Medicine and Lucile Packard Children's Hospital Stanford have found a new way to boost the survival of pediatric patients whose hearts stop while they are hospitalized.
329,3,New flooring in the living environment of pregnant women significantly increases the risk of infants to suffer from respiratory diseases in their first year of life.
330,3,"In many cases, retinal detachment follows the traumatic injury, causing significant vision loss or blindness."
331,3,"The authors estimate nearly 40,000 extra admissions to hospital as a result of income inequality over the three year study period."
332,3,People with type 1 diabetes who have developed kidney complications can slow the progression of their complications by improving control of their glycemic (blood glucose) levels over the long term.
333,3,"New genomic research led by UC San Francisco (UCSF) scientists reveals that two common gene variants that lead to longer telomeres, the caps on chromosome ends thought by many scientists to confer health by protecting cells from aging, also significantly increase the risk of developing the deadly brain cancers known as gliomas."
334,3,"Immunosuppressive drugs called thiopurines have been found to increase the risk of myeloid disorders, such as acute myeloid leukemia and myelodysplastic syndrome, a rare bone marrow disorder, seven-fold among inflammatory bowel disease (IBD) patients."
335,3,Breaking the fracture cycle through effective and coordinated models of care
336,3,Even small weight gains raise blood pressure in college students
337,3,Finding a genetic cause for severe childhood epilepsies
338,3,"These findings, published in the April 24, 2013, online edition of the journal Clinical Infectious Diseases, indicate that targeted screening for chronic hepatitis C virus infection is cost-effective when the prevalence of hepatitis C in a population exceeds 0.84 percent (84/10,000)."
339,3,Kidney failure can complicate long term outcomes in children receiving solid organ transplants
340,3,A study led by researchers at Boston University School of Medicine (BUSM) provides new insight into the impact that pro-inflammatory molecules have on early death in HIV patients who abuse alcohol.
341,3,"Providing futile treatment in the intensive care unit sets off a chain reaction that causes other ill patients needing medical attention to wait for critical care beds, according to a study by researchers from UCLA and RAND Health."
342,3,"The recent economic recession affected hospitals across the nation, regardless of financial status, but following the rebound, financially weak and safety-net hospitals continue to struggle, according to health researchers."
343,3,"""The 2011 heat wave led to significantly more emergency department visits than would be typical of that period; however, mortality rates did not change much,"" said Kai Zhang, Ph.D., assistant professor in the Department of Epidemiology, Human Genetics & Environmental Sciences at UTHealth School of Public Health."
344,3,"Published today in The Lancet, the study is the first to assess the impact of supervised injection sites on overdose mortality."
345,3,"New research from The University of Texas MD Anderson Cancer Center is shedding light on the important role a diagnosing urologist plays in whether older men with low-risk prostate cancer receive treatment for their disease, and if so, the type of treatment they receive as a result."
346,3,"Mining the records of routine interactions between patients and their care providers can detect drug side effects a couple of years before an official alert from the U.S. Food and Drug Administration, a Stanford University School of Medicine study has found."
347,3,"In the study's analysis of 150 children treated with antibiotics for respiratory infections while on a ventilator, longer antibiotic courses did not only fail to confer extra protection against full-blown pneumonia when compared with shorter therapy, but also considerably increased a child's risk for developing drug-resistant infections within a month."
348,3,A new study led by the University of Leicester has concluded that being able to see the GP of your choice in a doctor's surgery helps to reduce emergency hospital admissions.
349,3,Subarachnoid haemorrhage (SAH) is one of the most devastating cerebrovascular catastrophes causing death in 40 to 50% of the cases.
350,3,Antibiotic use to treat catheter associated bacteriuria futile in decreasing risk of mortality
351,3,"In addition to the many risk factors associated with poor health, reducing body mass index (BMI) will have a considerable and independent impact if you want to reduce the risk of developing ischemic heart disease (IHD)."
352,3,Hospital readmission after surgery can be common and it results in an increased cost of care.
353,3,"It is relatively common for doctors to diagnose someone with multiple sclerosis when the patient doesn't have the disease -- a misdiagnosis that not only causes patients potential harm but costs the U.S. health care system untold millions of dollars a year, according to a study published online today in the journal Neurology."
354,3,Clean air halves health costs in Chinese city
355,3,Sudden allergic reactions can be fatal.
356,3,"In the study, published this month in the International Journal of Gynecology and Obstetrics, researchers found that supine sleep increased the risk of low birth weight by a factor of 5 and that it was the low birth weight that explained the high risk for stillbirth in these women."
357,3,"The paper's authors, from Dalhousie University, reviewed nine studies with a total sample of 49,411 people to determine whether the consumption of cannabis increases the risk of a motor vehicle collision."
358,3,"Houston experienced its hottest summer on record in 2011, resulting in 278 excess emergency department visits per day during the August heat wave, according to research from The University of Texas Health Science Center at Houston (UTHealth) published recently in Environmental Health."
359,3,"The startling number, drawn from a University of Michigan Medical School survey of more than 4,000 adolescent patients ages 14 to 20 seeking emergency care, indicates that dating violence is common and affects both genders."
360,3,Head injuries triple long term risk of early death
361,3,Infections increase risk of mood disorders
362,3,"Placing children into a mixed reality--part virtual environment and part real world--has great potential for increasing their physical activity and decreasing their risk of obesity, according to University of Georgia researchers."
363,3,Trastuzumab and chemotherapy improved survival in HER2 postive breast and brain cancer patients
364,3,Cytology screening to prevent cervical cancer is a medical success story and examinations have proven to be an effective way to reduce deaths from cervical cancer.
365,3,"A new study published in the journal Pediatric Dermatology reveals that routine, long-term use of topical corticosteroids (TCS) for treating children with eczema does not cause any significant, negative side effects."
366,3,"Findings that appear in Acta Obstetricia et Gynecologica Scandinavica, a journal published by Wiley on behalf of the Nordic Federation of Societies of Obstetrics and Gynecology, indicate that women with more than a 16 kg (30 lbs) weight gain during pregnancy increased their risk of forceps or vacuum extraction, and C-section."
367,3,Parents  anxiety about newborn screening results does not lead to increased health care use
368,3,"There has been a rise in the overall rate of PPH (where blood loss is >500ml) in the UK, due to increases in maternal risk factors and in the number of caesarean sections performed."
369,3,"A study of hospital admissions suggests that health clinics that avoid costs associated with insurance administration can help hospitals save money by lowering hospital admission rates and emergency room visits, according to Mark Agee, professor of economics, Penn State Altoona."
370,3,"So does that mean gastric surgery ""cures"" diabetes?"
371,3,Meningitis A mass vaccination campaign in sub Saharan Africa shows dramatic impact of new vaccine
372,3,Surgical aortic valve replacement generally improves patients' symptoms and prolongs survival.
373,3,Study  Use of antipsychotic drugs improves life expectancy for individuals with schizophrenia
374,3,"Three quarters of pregnant women take sick leave from work but employers can help reduce this through flexible work adjustments, suggests a new study published today (7 November) in BJOG: An International Journal of Obstetrics and Gynaecology."
375,3,Study identifies a simple way to reduce healthcare costs
376,3,"Air pollution regulations over the last decade in Taiyuan, China, have substantially improved the health of people living there, accounting for a greater than 50% reduction in costs associated with loss of life and disability between 2001 and 2010, according to researchers at the Columbia Center for Children's Environmental Health (CCCEH) at the Mailman School of Public Health, the Shanxi Medical University, the Center of Diseases Control and Prevention of Taiyuan Municipality, and Shanghai Fudan University School of Public Health."
377,3,"A new study, funded in part by the National Institutes of Health (NIH) and Health Resources and Services Administration, and published in the January 2013 issue of Liver Transplantation, a journal of the American Association for the Study of Liver Diseases (AASLD), found that the non-use of donor livers climbed through 2010 due to a worsening of donor liver quality, primarily from donation following cardiac death."
378,3,This press release is available in French.A study published in Pediatrics this morning by researchers at the University of Montreal offers positive news for Wii-loving teenagers and their parents: games such as Wii Sports and Dance Dance Revolution can bring them closer to recommended physical activity levels.
379,3,"Smoking, current or past, raises the rate even more."
380,3,Arsenic exposure and smoking each elevate the risk of disease.
381,3,Wake Forest Baptist study suggests Tasers don t cause cardiac complications
382,3,"Bedwetting isn't always due to problems with the bladder, according to new research by Wake Forest Baptist Medical Center."
383,3,"But the evidence to back up this stance is somewhat mixed, say the authors, who wanted to find out whether milk consumption patterns among 2 year olds affected weight gain."
384,3,"Two types of regional anesthesia do not make patients more prone to falls in the first days after having knee replacement surgery as some have previously suggested, according to a study based on nearly 200,000 patient records in the March issue of Anesthesiology."
385,3,Obesity  smoking increase risk after immediate breast reconstruction with implants
386,3,"Nursing leaders from 38 children's hospitals, led by Patricia Hickey, PhD, MBA, RN, FAAN, vice president of critical care and cardiovascular services at Boston Children's Hospital, demonstrated that nursing education and experience significantly impact outcomes for patients who underwent cardiac surgery."
387,3,Clinics not bogged down by red tape can ease health cost burdens
388,3,Regenstrief and IU study  Wake Up and Breathe program benefits ICU patients
389,3,"STIs can make HIV easier to transmit even after antiretroviral therapy has begun, so rooting out STI co-infections in patients should improve HIV prevention."
390,3,"More than just a ""cosmetic issue,"" breast asymmetry can have negative psychological and emotional effects, according to the study by ASPS Member Surgeon Dr. Brian I. Labow and colleagues of Boston Children's Hospital."
391,3,"Soft objects and loose bedding--such as thick blankets, quilts, and pillows--can obstruct an infant's airway and pose a suffocation risk, according to the NIH's Safe to Sleep campaign."
392,3,"An antibiotic therapy known to reduce catheter-related bloodstream infections in hemodialysis patients has been shown for the first time to reduce mortality, according to a Henry Ford Health System study."
393,3,"Researchers found that a low-dose ""lock"" solution of gentamicin/citrate reduced mortality by 68 percent compared to a solution of heparin, a blood-clotting therapy long considered the standard of care."
394,3,"However, social and economic status have no bearing on mortality rates for subarachnoid hemorrhages, or SAH, in Canada, according to the study led by Dr. Loch Macdonald, a neurosurgeon at St. Michael's Hospital in Toronto."
395,3,"Metabolic syndrome comprises a group of medical disorders that increase people's risk of diabetes, heart disease, stroke, and premature death when they occur together."
396,3,Skimmed semi skimmed milk does not curb excess toddler weight gain
397,3,"COPD, a term which includes chronic bronchitis and emphysema, results in breathing difficulties due to long-term lung damage."
398,3,Ganciclovir reduces mortality due to the virus from 34 percent to between 3 and 6 percent.
399,3,Out of pocket costs play major role in treatment adherence for cancer patients
400,3,Simple test in the ambulance saves lives after heart attack  new study finds
401,3,"According to the findings of a population-based study now available in Arthritis Care & Research, a journal published by Wiley-Blackwell on behalf of the American College of Rheumatology (ACR), RA patients should be advised of the importance of compliance to their statin therapy to reduce cardiovascular disease (CVD) mortality risk."
402,3,3 center study identifies main causes of unprofessional behavior among hospitalists
403,3,An over the scope clipping device for endoscopic management of gastrointestinal defects is safe and effective
404,3,New research from Brigham and Women's Hospital (BWH) has brought to light the importance of the role of a primary care physician in a population of diabetes patients.
405,3,"Ram Raghavan, assistant professor of diagnostic medicine and pathobiology, and collaborative researchers have found that a certain combination of climate, physical environment and socio-ecologic conditions are behind tularemia infections among cats in the region."
406,3,"Among those going under the knife, researchers discovered that the month surgery occurred had an insignificant impact on patient outcomes."
407,3,"Human papillomavirus, also known as HPV, is responsible for 99.7 percent of cervical cancers and several other cancers."
408,3,Algorithm reduces use of CT scans when diagnosing children with appendicitis
409,3,Primary care physicians play vital role in caring for diabetes patients
410,3,Mild increases in thyroid stimulating hormone not harmful in the elderly
411,3,"Professor Dr. Michael Ristow's team along with Japanese colleagues from universities in Oita and Hiroshima have demonstrated by two independent approaches that even a low concentration of lithium leads to an increased life expectancy in humans as well as in a model organism, the roundworm Caenorhabditis elegans."
412,3,Does soy in the diet help with hot flashes?
413,3,Heart health impacts wellbeing of patients with chronic obstructive pulmonary disease
414,3,Penn Medicine s  sepsis sniffer  generates faster sepsis care and suggests reduced mortality
415,3,"A new technique for repairing the most common cardiac birth defect in newborns, commonly referred to as ""a hole in the heart,"" has been used successfully to mend the condition in six premature infants without subjecting the tiny patients to open-heart surgery."
